"A1 Bulgaria","A1"
"A1 Hrvatska","A1"
"A1 Srbija","A1"
"A1 Telekom Austria","A1 Telekom"
"A100 ROW SERVICOS DE DADOS BRASIL","A100 ROW SERVICOS DE DADOS"
"Accenture Australia","Accenture"
"Accenture UK","Accenture"
"ADEVINTA FRANCE","ADEVINTA"
"ADEVINTA SPAIN","ADEVINTA"
"adidas America","adidas"
"Adobe Systems India","Adobe Systems"
"Adobe Systems Software Ireland","Adobe Systems Software"
"ADP Brasil","ADP"
"ADP GSI FRANCE","ADP GSI"
"Advania Finland","Advania"
"ADVANIA NORGE","ADVANIA"
"Advania Sverige","Advania"
"ADVANIA UK","ADVANIA"
"Affidea Romania","Affidea"
"Africell Angola","Africell"
"Africell Gambia","Africell"
"Africell Sierra Leone","Africell"
"Agilent Technologies Japan","Agilent Technologies"
"AIA Australia","AIA"
"AIA Shared Services (Hong Kong)","AIA Shared Services"
"Airbus Poland","Airbus"
"Airtel Congo","Airtel"
"Airtel Gabon","Airtel"
"Airtel Ghana","Airtel"
"Airtel Madagascar","Airtel"
"Airtel Malawi","Airtel"
"Airtel Networks Kenya","Airtel Networks"
"Airtel Niger","Airtel"
"Airtel Rwanda","Airtel"
"Airtel Tanzania","Airtel"
"Airtel Uganda","Airtel"
"Akuna Capital Australia","Akuna Capital"
"Al Ahli Bank of Kuwait Egypt","Al Ahli Bank of Kuwait"
"Alliance Healthcare Deutschland","Alliance Healthcare"
"Alliance Healthcare Espana","Alliance Healthcare"
"Alliance Healthcare Romania","Alliance Healthcare"
"Allianz Technology of America","Allianz Technology"
"Alpha Bank Romania","Alpha Bank"
"ALSO Bulgaria","ALSO"
"ALSO Polska","ALSO"
"Amazon Data Services Ireland","Amazon Data Services"
"Amazon Data Services Japan","Amazon Data Services"
"AMDOCS (BRASIL)","AMDOCS"
"AMDOCS (ISRAEL)","AMDOCS"
"AMDOCS (UK)","AMDOCS"
"AMDOCS CHILE","AMDOCS"
"AMDOCS DEVELOPMENT CENTRE INDIA","AMDOCS DEVELOPMENT CENTRE"
"American Express Australia","American Express"
"ANSYS Japan","ANSYS"
"AON UK","AON"
"Aptum Technologies (UK)","Aptum Technologies"
"Arista Networks Australia","Arista Networks"
"Arista Networks India","Arista Networks"
"Aristocrat Technologies Australia","Aristocrat Technologies"
"Aristocrat Technologies India","Aristocrat Technologies"
"ARTE FRANCE","ARTE"
"Aryaka Networks India","Aryaka Networks"
"Assured Guaranty UK","Assured Guaranty"
"AT&T Argentina","AT&T"
"AT&T EasyLink Services Australia","AT&T EasyLink Services"
"AT&T Global Network Services Nederland","AT&T Global Network Services"
"AT&T Japan","AT&T"
"Atea Finland","Atea"
"Atea Sverige","Atea"
"ATENTO ARGENTINA","ATENTO"
"ATENTO CHILE","ATENTO"
"Atlantique Telecom (Cote d'Ivoire)","Atlantique Telecom"
"Atlantique Telecom Niger","Atlantique Telecom"
"ATOS (AUSTRALIA)","ATOS"
"Atos Belgium","Atos"
"Atos France","Atos"
"ATOS Information Technology (Singapore)","ATOS Information Technology"
"Atos IT Services UK","Atos IT Services"
"Atos Origin Brasil","Atos Origin"
"Atos Poland","Atos"
"ATOS Spain","ATOS"
"Audatex (Schweiz)","Audatex"
"Audatex (UK)","Audatex"
"AXA Technology Services Asia (HK)","AXA Technology Services Asia"
"AXA Technology Services France","AXA Technology Services"
"AXA Technology Services Germany","AXA Technology Services"
"AXA Technology Services UK","AXA Technology Services"
"Axians IT Services Poland","Axians IT Services"
"Axway Bulgaria","Axway"
"Baidu (Hong Kong)","Baidu"
"Baidu USA","Baidu"
"BANCO AZTECA (PANAMA)","BANCO AZTECA"
"Banco Azteca de Guatemala","Banco Azteca"
"Banco Azteca El Salvador","Banco Azteca"
"Banco Azteca Honduras","Banco Azteca"
"BANCO CREDIT SUISSE (BRASIL)","BANCO CREDIT SUISSE"
"Banco Itau (Suisse)","Banco Itau"
"BANCO ITAU CHILE","BANCO ITAU"
"Banco Itau Paraguay","Banco Itau"
"Banco Santander (Brasil)","Banco Santander"
"BBDO New York","BBDO"
"BBDO NY","BBDO"
"BBIX Australia","BBIX"
"BBIX Europe","BBIX"
"BBIX SINGAPORE","BBIX"
"BBIX USA","BBIX"
"BCD Travel Poland","BCD Travel"
"Bechtle Austria","Bechtle"
"Bechtle Schweiz","Bechtle"
"Beeks Financial Cloud (Japan)","Beeks Financial Cloud"
"Bell Canada","Bell"
"Best Buy Canada","Best Buy"
"Blackboard (Australia)","Blackboard"
"BlueCat Networks (USA)","BlueCat Networks"
"BlueCat Networks USA","BlueCat Networks"
"Bluefin Payment Systems Austria","Bluefin Payment Systems"
"BMC Software Asia Pacific","BMC Software"
"BMC Software India","BMC Software"
"BMC Software Ireland","BMC Software"
"BMC Software Israel","BMC Software"
"BNP Paribas (Suisse)","BNP Paribas"
"BNP Paribas Bank Polska","BNP Paribas Bank"
"Broadridge (Australia)","Broadridge"
"Broadridge (Deutschland)","Broadridge"
"Broadridge Customer Communications Canada","Broadridge Customer Communications"
"Broadridge Financial Solutions India","Broadridge Financial Solutions"
"Cable & Wireless (Barbados)","Cable & Wireless"
"Cable & Wireless (Cayman Islands)","Cable & Wireless"
"Cable & Wireless (Seychelles)","Cable & Wireless"
"Cable & Wireless Dominica","Cable & Wireless"
"Cable & Wireless Jamaica","Cable & Wireless"
"Cable & Wireless Panama","Cable & Wireless"
"Cable and Wireless Jamaica","Cable and Wireless"
"Cable and Wireless Turks and Caicos","Cable and Wireless"
"Calligo (Canada)","Calligo"
"CANCOM Austria","CANCOM"
"Canon Australia","Canon"
"Canon Business Services Australia","Canon Business Services"
"CANON KOREA","CANON"
"Canon USA","Canon"
"Canonical USA","Canonical"
"CAPGEMINI AMERICA","CAPGEMINI"
"Capgemini Australia","Capgemini"
"CAPGEMINI BELGIUM","CAPGEMINI"
"CAPGEMINI BRASIL","CAPGEMINI"
"Capgemini Finland","Capgemini"
"Capgemini Nederland","Capgemini"
"Capgemini New Zealand","Capgemini"
"Capgemini Polska","Capgemini"
"Capgemini Technology Services India","Capgemini Technology Services"
"Capgemini UK","Capgemini"
"Capital IQ Information Systems (india)","Capital IQ Information Systems"
"Capstone Investment Advisors (UK)","Capstone Investment Advisors"
"Castor Networks Mexico","Castor Networks"
"Catalina Marketing Japan","Catalina Marketing"
"Cboe Australia","Cboe"
"Cboe Japan","Cboe"
"Cegal Danmark","Cegal"
"Cengage Learning Australia","Cengage Learning"
"Centric Fiber Florida","Centric Fiber"
"Centric Fiber Texas","Centric Fiber"
"CETIN Bulgaria","CETIN"
"CETIN Hungary","CETIN"
"CGI Deutschland","CGI"
"CGI France","CGI"
"CGI IT Czech Republic","CGI IT"
"CGI Norge","CGI"
"CGI Suomi","CGI"
"CGI Sverige","CGI"
"CGI Technologies and Solutions Australia","CGI Technologies and Solutions"
"Check Point Software Technologies India","Check Point Software Technologies"
"Cheops Technology Switzerland","Cheops Technology"
"CHINA MOBILE INTERNATIONAL (PANAMA)","CHINA MOBILE INTERNATIONAL"
"China Mobile International (Russia)","China Mobile International"
"CHINA MOBILE INTERNATIONAL (THAILAND)","CHINA MOBILE INTERNATIONAL"
"China Mobile International South Africa","China Mobile International"
"China Telecom Europe","China Telecom"
"China Telecom South Africa","China Telecom"
"Chunghwa Telecom (Thailand)","Chunghwa Telecom"
"CIMB Securities (Thailand)","CIMB Securities"
"Cisco Systems Norway","Cisco Systems"
"Citibank Korea","Citibank"
"CITIC Telecom CPC Netherlands","CITIC Telecom CPC"
"CITIC Telecom CPC Rus","CITIC Telecom CPC"
"Civica UK","Civica"
"Claranet Portugal","Claranet"
"Claro Panamá","Claro"
"Cloudflare Hong Kong","Cloudflare"
"Cloudflight Austria","Cloudflight"
"CMC MARKETS ASIA PACIFIC","CMC MARKETS"
"Cognizant Technology Solutions Hungary","Cognizant Technology Solutions"
"Cognizant Technology Solutions India","Cognizant Technology Solutions"
"Cologix Canada","Cologix"
"Colt Technology Services India","Colt Technology Services"
"Colt Technology Services RO","Colt Technology Services"
"Columbia Sportswear Japan","Columbia Sportswear"
"Compass Plus (Great Britain)","Compass Plus"
"CompuGroup Medical Deutschland","CompuGroup Medical"
"Computacenter (UK)","Computacenter"
"Computacenter France","Computacenter"
"Conduent Business Services Malaysia","Conduent Business Services"
"Conduent Business Services Philippines","Conduent Business Services"
"Conscia Nederland","Conscia"
"Conscia Norge","Conscia"
"Copart UK","Copart"
"Covestro Deutschland","Covestro"
"Credit Agricole Bank Polska","Credit Agricole Bank"
"Credit Agricole Egypt","Credit Agricole"
"Credit Agricole Italia","Credit Agricole"
"CTDI Poland","CTDI"
"CYPRESS TELECOM (CHINA)","CYPRESS TELECOM"
"CYPRESS TELECOM (SINGAPORE)","CYPRESS TELECOM"
"Dailymotion Asia Pacific","Dailymotion"
"DBS Bank (Hong Kong)","DBS Bank"
"DBS Bank (Taiwan)","DBS Bank"
"DBS Bank India","DBS Bank"
"DE-CIX BRASIL","DE-CIX"
"DE-CIX INTERCONNECTION MEXICO","DE-CIX INTERCONNECTION"
"DE-CIX North America","DE-CIX"
"DE-CIX Singapore","DE-CIX"
"Dell (China)","Dell"
"Deloitte & Touche South Africa","Deloitte & Touche"
"DELTA Fiber Nederland","DELTA Fiber"
"Derivco Australia","Derivco"
"Deutsche Bank (Suisse)","Deutsche Bank"
"Diebold Nixdorf Singapore","Diebold Nixdorf"
"DIGI ROMANIA","DIGI"
"DIGI SLOVAKIA","DIGI"
"DIGICEL (AUS)","DIGICEL"
"Digicel (PNG)","Digicel"
"Digicel Barbados","Digicel"
"Digicel BVI","Digicel"
"Digicel Jamaica","Digicel"
"Digicel Nauru","Digicel"
"Digicel Samoa","Digicel"
"Digicel Suriname","Digicel"
"Digicel Tonga","Digicel"
"Digicel Trinidad and Tobago","Digicel"
"Digicel Turks and Caicos","Digicel"
"Digicel Vanuatu","Digicel"
"Digital Edge Korea","Digital Edge"
"Digital Edge Philippines","Digital Edge"
"Digital Realty (UK)","Digital Realty"
"Digital Realty Korea","Digital Realty"
"Digital Realty Netherlands","Digital Realty"
"Dimension Data Asia Pacific","Dimension Data"
"Dimension Data Cloud Solutions Australia","Dimension Data Cloud Solutions"
"Dimension Data North America","Dimension Data"
"DIRECTV COLOMBIA","DIRECTV"
"DPD Deutschland","DPD"
"DPD Polska","DPD"
"DPDgroup UK","DPDgroup"
"DRW Investments (UK)","DRW Investments"
"DRW ISRAEL","DRW"
"DRW Singapore","DRW"
"Dun & Bradstreet (Australia)","Dun & Bradstreet"
"Dustin Finland","Dustin"
"Dustin NL","Dustin"
"Dustin Norway","Dustin"
"Dustin Sverige","Dustin"
"DXC Technology Australia","DXC Technology"
"DXC Technology Austria","DXC Technology"
"DXC Technology Danmark","DXC Technology"
"DXC Technology Polska","DXC Technology"
"DXC Technology South Africa","DXC Technology"
"EDF Trading North America","EDF Trading"
"EDGEUNO ARGENTINA","EDGEUNO"
"EDGEUNO ECUADOR","EDGEUNO"
"EDGEUNO MEXICO","EDGEUNO"
"Edmond de Rothschild (France)","Edmond de Rothschild"
"Edmond de Rothschild (Suisse)","Edmond de Rothschild"
"EG Danmark","EG"
"EG Norge","EG"
"Eircom (UK)","Eircom"
"Electronic Arts Canada","Electronic Arts"
"Elisa Eesti","Elisa"
"Emerson Electric UK","Emerson Electric"
"Endemol Shine Australia","Endemol Shine"
"Endemol Shine Nederland","Endemol Shine"
"Enreach Netherlands","Enreach"
"Entain Services (Bulgaria)","Entain Services"
"Entain Services Austria","Entain Services"
"ENTEL CHILE","ENTEL"
"ENTEL PERU","ENTEL"
"EntServ Deutschland","EntServ"
"EntServ UK","EntServ"
"EOLO Hrvatska","EOLO"
"Epsilon US","Epsilon"
"Equinix (Finland)","Equinix"
"Equinix (Germany)","Equinix"
"Equinix (Netherlands)","Equinix"
"Equinix (Poland)","Equinix"
"Equinix (Switzerland)","Equinix"
"Equinix Asia Pacific","Equinix"
"Equinix Australia","Equinix"
"EQUINIX BRASIL CX","EQUINIX"
"Equinix France","Equinix"
"Equinix Korea","Equinix"
"EQUINIX PERU","EQUINIX"
"Equinix Singapore","Equinix"
"Eurofiber France","Eurofiber"
"Eurofiber Nederland","Eurofiber"
"Eviden Austria","Eviden"
"Eviden Netherlands","Eviden"
"ExodusPoint Capital Management UK","ExodusPoint Capital Management"
"Experian Marketing Services (Malaysia)","Experian Marketing Services"
"Experian South Africa","Experian"
"Facebook Singapore","Facebook"
"Finastra Switzerland","Finastra"
"Finastra USA","Finastra"
"First Data Polska","First Data"
"First Data Resources Australia","First Data Resources"
"First Data Slovakia","First Data"
"Firstsource Solutions USA","Firstsource Solutions"
"Fiserv Solutions (Europe)","Fiserv Solutions"
"Flexential Colorado","Flexential"
"Flextronics International USA","Flextronics International"
"Flow Traders US","Flow Traders"
"Freepoint Commodities Europe","Freepoint Commodities"
"Freepoint Commodities Singapore","Freepoint Commodities"
"Fujitsu Consulting India","Fujitsu Consulting"
"Fujitsu Finland","Fujitsu"
"Fujitsu New Zealand","Fujitsu"
"Fujitsu North America","Fujitsu"
"Fujitsu Sweden","Fujitsu"
"Fujitsu Telecommunications Europe","Fujitsu Telecommunications"
"General Dynamics Mission Systems - Canada","General Dynamics Mission Systems"
"General Logistics Systems Croatia","General Logistics Systems"
"General Logistics Systems Poland","General Logistics Systems"
"General Motors Argentina","General Motors"
"GIGAS HOSTING CHILE","GIGAS HOSTING"
"GIGAS HOSTING COLOMBIA","GIGAS HOSTING"
"GIGAS HOSTING USA","GIGAS HOSTING"
"GLOBAL FIBER BRASIL","GLOBAL FIBER"
"GLOBAL FIBER DE COLOMBIA","GLOBAL FIBER"
"GLOBAL FIBER PERÚ","GLOBAL FIBER"
"Global One Chile","Global One"
"Global One Guatemala","Global One"
"Global One Mexico","Global One"
"Global One Peru","Global One"
"Global One Venezuela","Global One"
"Global Payments Europe","Global Payments"
"GLOBALFOUNDRIES SINGAPORE","GLOBALFOUNDRIES"
"GlobalLogic Croatia","GlobalLogic"
"GlobalLogic India","GlobalLogic"
"GlobalLogic Poland","GlobalLogic"
"GlobalLogic Slovakia","GlobalLogic"
"GlobalLogic Ukraine","GlobalLogic"
"GLS General Logistics Systems Hungary","GLS General Logistics Systems"
"GLS General Logistics Systems Romania","GLS General Logistics Systems"
"Google Asia Pacific","Google"
"Google Cloud EMEA","Google Cloud"
"Google Ireland","Google"
"Google Kenya","Google"
"Google Singapore","Google"
"Google Switzerland","Google"
"GTECH POLSKA","GTECH"
"GTT - EMEA","GTT"
"GTT Communications HK","GTT Communications"
"GTT Communications Netherlands","GTT Communications"
"Guaranty Trust Bank (Ghana)","Guaranty Trust Bank"
"Guaranty Trust Bank (Kenya)","Guaranty Trust Bank"
"Guaranty Trust Bank (Uganda)","Guaranty Trust Bank"
"Guaranty Trust Bank Sierra Leone","Guaranty Trust Bank"
"Guidehouse India","Guidehouse"
"Guidewire Software (Ireland)","Guidewire Software"
"HCL AMERICA","HCL"
"HCL Technologies Germany","HCL Technologies"
"HCL Technologies Sweden","HCL Technologies"
"HCL Technologies UK","HCL Technologies"
"Herbalife International Luxembourg","Herbalife International"
"Herbalife International of America","Herbalife International"
"Hewlett Packard Europe","Hewlett Packard"
"Hewlett Packard France","Hewlett Packard"
"HGC Global Communications (Philippines)","HGC Global Communications"
"HGC Global Communications (Thailand)","HGC Global Communications"
"HGC Global Communications (UK)","HGC Global Communications"
"HGC Global Communications Malaysia","HGC Global Communications"
"HKBN Enterprise Solutions HK","HKBN Enterprise Solutions"
"HOCHTIEF POLSKA","HOCHTIEF"
"Holcim Australia","Holcim"
"Holcim Romania","Holcim"
"Home Credit Indonesia","Home Credit"
"Home Credit Philippines","Home Credit"
"Honeywell Romania","Honeywell"
"Hostgator Brasil","Hostgator"
"HSBC BANK Argentina","HSBC BANK"
"HSBC BANK AUSTRALIA","HSBC BANK"
"HSBC Bank USA","HSBC Bank"
"Huawei Technologies (Netherlands)","Huawei Technologies"
"I&M Bank (Uganda)","I&M Bank"
"iBasis (Hong Kong)","iBasis"
"iBasis IoT Europe","iBasis IoT"
"IBM Argentina","IBM"
"IBM Deutschland","IBM"
"IBM New Zealand","IBM"
"IBM Romania","IBM"
"IBM Singapore","IBM"
"IBM United Kingdom","IBM"
"Idemia Identity & Security France","Idemia Identity & Security"
"Idemia Identity & Security USA","Idemia Identity & Security"
"IGT Austria","IGT"
"Imperial Tobacco Canada","Imperial Tobacco"
"Imperial Tobacco Polska","Imperial Tobacco"
"Inetum Belgium","Inetum"
"Inetum Espana","Inetum"
"Inetum Polska","Inetum"
"Infineon Technologies Asia Pacific","Infineon Technologies"
"Infor (Deutschland)","Infor"
"ING Bank (Australia)","ING Bank"
"ING Bank of Canada","ING Bank"
"Inmarsat Solutions (Canada)","Inmarsat Solutions"
"Inmarsat Solutions US","Inmarsat Solutions"
"Instinet Europe","Instinet"
"Intel China","Intel"
"Interactive Brokers India","Interactive Brokers"
"Interactive Brokers Singapore","Interactive Brokers"
"Intercontinental Exchange Israel","Intercontinental Exchange"
"International Data Group Poland","International Data Group"
"Internet Archive Canada","Internet Archive"
"Internet Initiative Japan","Internet Initiative"
"Internet Solutions (Kenya)","Internet Solutions"
"Internet Solutions Nigeria","Internet Solutions"
"INTERNEXA Chile","INTERNEXA"
"INTERNEXA PERU","INTERNEXA"
"Interxion Belgium","Interxion"
"Interxion France","Interxion"
"IPSTAR Australia","IPSTAR"
"IRESS Market Technology Canada","IRESS Market Technology"
"Iristel Kenya","Iristel"
"Iristel Romania","Iristel"
"Iron Mountain do Brasil","Iron Mountain"
"Iron Mountain Polska","Iron Mountain"
"ITGLOBAL.COM KZ","ITGLOBAL.COM"
"ITGLOBAL.COM NL","ITGLOBAL.COM"
"ITGLOBAL.COM RUS","ITGLOBAL.COM"
"Itiviti India","Itiviti"
"Itiviti Japan","Itiviti"
"Itiviti Philippines","Itiviti"
"Itiviti USA","Itiviti"
"ITOCHU Techno-Solutions America","ITOCHU Techno-Solutions"
"Itron Nederland","Itron"
"JAGGAER Austria","JAGGAER"
"JBS Australia","JBS"
"JCDecaux North America","JCDecaux"
"Jones Lang LaSalle Australia","Jones Lang LaSalle"
"JT (Jersey)","JT"
"Juniper Networks (Hong Kong)","Juniper Networks"
"Kaopu Cloud HK","Kaopu Cloud"
"Kaspersky Lab Switzerland","Kaspersky Lab"
"KDDI America","KDDI"
"KDDI ASIA PACIFIC","KDDI"
"KDDI Europe","KDDI"
"KDDI Hong Kong","KDDI"
"KDDI KOREA","KDDI"
"Kia America","Kia"
"Kia India","Kia"
"Kia Slovakia","Kia"
"Kofax Schweiz","Kofax"
"Komatsu America","Komatsu"
"Komatsu Germany","Komatsu"
"Konica Minolta Business Solutions (Canada)","Konica Minolta Business Solutions"
"Konica Minolta Business Solutions Australia","Konica Minolta Business Solutions"
"Konica Minolta Business Solutions Europe","Konica Minolta Business Solutions"
"Kontron Hungary","Kontron"
"KPMG Argentina","KPMG"
"Kyndryl Danmark","Kyndryl"
"Kyndryl Finland","Kyndryl"
"Kyndryl Luxembourg","Kyndryl"
"Kyndryl Romania","Kyndryl"
"L'Oreal Singapore","L'Oreal"
"L'Oreal USA","L'Oreal"
"LEASEWEB AUSTRALIA","LEASEWEB"
"Leaseweb Canada","Leaseweb"
"Leaseweb Deutschland","Leaseweb"
"LEASEWEB HONG KONG","LEASEWEB"
"Leaseweb Japan","Leaseweb"
"LEASEWEB SINGAPORE","LEASEWEB"
"Leaseweb UK","Leaseweb"
"Leaseweb USA","Leaseweb"
"LENOVO (AUSTRALIA & NEW ZEALAND)","LENOVO"
"LENOVO (BEIJING)","LENOVO"
"LG CNS America","LG CNS"
"LG CNS Europe","LG CNS"
"LIBERTY NETWORKS DE COLOMBIA","LIBERTY NETWORKS"
"LIBERTY NETWORKS GUATEMALA","LIBERTY NETWORKS"
"LIBERTY NETWORKS HONDURAS","LIBERTY NETWORKS"
"LIBERTY NETWORKS PERÚ","LIBERTY NETWORKS"
"LIBERTY NETWORKS SOLUTIONS MEXICO","LIBERTY NETWORKS SOLUTIONS"
"LINK Mobility Austria","LINK Mobility"
"LinkedIn Austria","LinkedIn"
"Liquid Telecommunications Kenya","Liquid Telecommunications"
"Liquid Telecommunications South Africa","Liquid Telecommunications"
"LMAX Hong Kong","LMAX"
"LMAX USA","LMAX"
"Logicalis Guernsey","Logicalis"
"Luxoft India","Luxoft"
"Luxoft Professional Romania","Luxoft Professional"
"Luxoft USA","Luxoft"
"Lycamobile Ukraine","Lycamobile"
"Lycamobile USA","Lycamobile"
"M247 Europe","M247"
"M247 UK","M247"
"MasterCard Asia/Pacific (Australia)","MasterCard Asia/Pacific"
"McKesson Canada","McKesson"
"Medline Industries India","Medline Industries"
"Megaport (Bulgaria)","Megaport"
"Megaport (Deutschland)","Megaport"
"Megaport (UK)","Megaport"
"Megaport (USA)","Megaport"
"Mercedes-Benz Polska","Mercedes-Benz"
"Mercedes-Benz Singapore","Mercedes-Benz"
"Merkle Switzerland","Merkle"
"MetLife Korea","MetLife"
"Microsoft (China)","Microsoft"
"Microsoft Singapore","Microsoft"
"Mimecast Australia","Mimecast"
"Mimecast North America","Mimecast"
"Mimecast South Africa","Mimecast"
"Morgan Stanley Management Service (Shanghai)","Morgan Stanley Management Service"
"Morgan Stanley Management Service (Singapore)","Morgan Stanley Management Service"
"Morningstar Europe","Morningstar"
"Motorola Solutions Israel","Motorola Solutions"
"MTN Business Solutions (Botswana)","MTN Business Solutions"
"MTN CONGO","MTN"
"MTN COTE D'IVOIRE","MTN"
"MTN Network Solutions (Cameroon)","MTN Network Solutions"
"MTN Nigeria","MTN"
"MTN South Sudan","MTN"
"MTN SUDAN","MTN"
"MTN Uganda","MTN"
"MTN Zambia","MTN"
"MyHeritage (USA)","MyHeritage"
"NEC ASIA PACIFIC","NEC"
"NEC Australia","NEC"
"NEC Corporation of America","NEC Corporation"
"NEC Europe","NEC"
"Netcracker Technology EMEA","Netcracker Technology"
"Netcraft Australia","Netcraft"
"NETEASE (HONG KONG)","NETEASE"
"NetNordic Denmark","NetNordic"
"NetNordic Sweden","NetNordic"
"Nets Denmark","Nets"
"Nets Estonia","Nets"
"Netscout Systems Software India","Netscout Systems Software"
"Network For Electronic Transfers (Singapore)","Network For Electronic Transfers"
"Nevigate Communications (Philippines)","Nevigate Communications"
"Nevigate Global Network (Australia)","Nevigate Global Network"
"Nevigate Global Network (Hong Kong)","Nevigate Global Network"
"Nevigate Global Network (Thailand)","Nevigate Global Network"
"Nevigate Global Network Japan","Nevigate Global Network"
"New Relic Australia","New Relic"
"Newmont Australia","Newmont"
"Nexi Germany","Nexi"
"Nexi Slovenija","Nexi"
"Nexon America","Nexon"
"Nexon Asia Pacific","Nexon"
"NICE SYSTEMS UK","NICE SYSTEMS"
"Noble Systems Australia","Noble Systems"
"Noble Systems UK","Noble Systems"
"Nokia of America","Nokia"
"Nokia Solutions and Networks Australia","Nokia Solutions and Networks"
"NorthC Deutschland","NorthC"
"NorthC Schweiz","NorthC"
"NorthgateArinso Belgium","NorthgateArinso"
"Northrop Grumman UK","Northrop Grumman"
"Novartis Singapore","Novartis"
"NTT (Thailand)","NTT"
"NTT America","NTT"
"NTT Australia","NTT"
"NTT Belgium","NTT"
"NTT Chile","NTT"
"NTT Cloud Communications US","NTT Cloud Communications"
"NTT DATA ROMANIA","NTT DATA"
"NTT Global Data Centers EMEA UK","NTT Global Data Centers EMEA"
"NTT Ltd Japan","NTT Ltd"
"NTT MYANMAR","NTT"
"NTT NEW ZEALAND","NTT"
"NTT SECURITY (AUSTRALIA)","NTT SECURITY"
"NTT Security (Switzerland)","NTT Security"
"NTT Singapore","NTT"
"NTT Taiwan","NTT"
"NTT United Kingdom","NTT"
"O2 Czech Republic","O2"
"Odido Netherlands B.V.","Odido"
"OMV NEW ZEALAND","OMV"
"oneCorp USA","oneCorp"
"OOREDOO MALDIVES","OOREDOO"
"Ooredoo Myanmar","Ooredoo"
"OOREDOO TUNISIE","OOREDOO"
"Oracle America","Oracle"
"Orange Belgium","Orange"
"Orange Botswana","Orange"
"Orange Broadband Network India","Orange Broadband Network"
"Orange Burkina Faso","Orange"
"Orange Business Digital Germany","Orange Business Digital"
"ORANGE BUSINESS DIGITAL NORWAY","ORANGE BUSINESS DIGITAL"
"Orange Business Digital Sweden","Orange Business Digital"
"Orange Cameroun","Orange"
"Orange Communications Luxembourg","Orange Communications"
"Orange Cyberdefense Belgium","Orange Cyberdefense"
"Orange Cyberdefense Sweden","Orange Cyberdefense"
"Orange Cyberdefense UK","Orange Cyberdefense"
"Orange Espagne","Orange"
"ORANGE GUINEE","ORANGE"
"Orange Liberia","Orange"
"Orange Madagascar","Orange"
"Orange Mali","Orange"
"ORANGE MOLDOVA","ORANGE"
"Orange Polska","Orange"
"Orange Romania","Orange"
"Orange Slovensko","Orange"
"Orange Tunisie","Orange"
"PacketFabric (Hong Kong)","PacketFabric"
"PacketFabric (Japan)","PacketFabric"
"Panduit Singapore","Panduit"
"PAREXEL International (India)","PAREXEL International"
"Pason Systems USA","Pason Systems"
"PCCW Global (HK)","PCCW Global"
"Perella Weinberg Partners UK","Perella Weinberg Partners"
"Perfetti Van Melle Bangladesh","Perfetti Van Melle"
"Perfetti Van Melle India","Perfetti Van Melle"
"PERSISTENT SYSTEMS UK","PERSISTENT SYSTEMS"
"Planisware Singapore","Planisware"
"Point72 Asia (Hong Kong)","Point72 Asia"
"Point72 India","Point72"
"Point72 Japan","Point72"
"Point72 UK","Point72"
"Porsche Romania","Porsche"
"Porsche Slovenija","Porsche"
"PR Newswire Europe","PR Newswire"
"PricewaterhouseCoopers IT Services (Singapore)","PricewaterhouseCoopers IT Services"
"PrimeXM Networks (Cyprus)","PrimeXM Networks"
"PrimeXM Networks (Singapore)","PrimeXM Networks"
"Proact Deutschland","Proact"
"Proact IT UK","Proact IT"
"Proact Netherlands","Proact"
"Proximus Luxembourg","Proximus"
"Proximus NXT Nederland","Proximus NXT"
"PSiDEO (Singapore)","PSiDEO"
"PSINet Chile","PSINet"
"PSINet do Brasil","PSINet"
"PSINet Panama","PSINet"
"Pulsant (Scotland)","Pulsant"
"Pure IP US","Pure IP"
"Rackspace Germany","Rackspace"
"Rackspace.com Hong Kong","Rackspace.com"
"Raiffeisenbank Austria","Raiffeisenbank"
"Refinitiv Australia","Refinitiv"
"Refinitiv Poland","Refinitiv"
"Refinitiv Technology China","Refinitiv Technology"
"RETN (Hong Kong)","RETN"
"RETN GE","RETN"
"RETN KZ","RETN"
"RETN US","RETN"
"Ricoh Australia","Ricoh"
"Ricoh Deutschland","Ricoh"
"Ricoh USA","Ricoh"
"Robert Bosch (Australia)","Robert Bosch"
"Rockwool Belgium","Rockwool"
"Rogers Communications Canada","Rogers Communications"
"RTL Belgium","RTL"
"RTL Hrvatska","RTL"
"RTL Nederland","RTL"
"Saab Australia","Saab"
"Sabio France","Sabio"
"SailPoint Technologies India","SailPoint Technologies"
"Samsung Electronics America","Samsung Electronics"
"Samsung SDS America","Samsung SDS"
"Samsung SDS Europe","Samsung SDS"
"SAP America","SAP"
"SAP AUSTRALIA","SAP"
"SAP BRASIL","SAP"
"SAP China","SAP"
"SAP Labs Israel","SAP Labs"
"Satcom Direct Australia","Satcom Direct"
"Scania Polska","Scania"
"Schenker (Asia Pacific)","Schenker"
"Schenker Logistics Romania","Schenker Logistics"
"Schneider Electric (AUSTRALIA)","Schneider Electric"
"Schneider Electric India","Schneider Electric"
"Schroder Investment Management North America","Schroder Investment Management"
"SCSK Myanmar","SCSK"
"Securitas Argentina","Securitas"
"Securitas Polska","Securitas"
"Securitas Security Services USA","Securitas Security Services"
"Securitas Seguridad Espana","Securitas Seguridad"
"Securitas Sverige","Securitas"
"Sewan Belgium","Sewan"
"Sewan Nederland","Sewan"
"SHOPEE (TAIWAN)","SHOPEE"
"SHOPEE SINGAPORE","SHOPEE"
"Shopmetrics Europe","Shopmetrics"
"Sierra Wireless France","Sierra Wireless"
"Sierra Wireless Sweden","Sierra Wireless"
"Sinch Denmark","Sinch"
"Sinch Germany","Sinch"
"SINCH UK","SINCH"
"Singapore Telecom Hong Kong","Singapore Telecom"
"Singapore Telecom Japan","Singapore Telecom"
"Singapore Telecom Korea","Singapore Telecom"
"Singapore Telecom Taiwan","Singapore Telecom"
"Sitel Philippines","Sitel"
"Skanska Sverige","Skanska"
"Sky Deutschland","Sky"
"Sky Italia","Sky"
"Sky UK","Sky"
"Smile Communications Nigeria","Smile Communications"
"Smile Communications Tanzania","Smile Communications"
"Societe Generale (China)","Societe Generale"
"Societe Generale Luxembourg","Societe Generale"
"Sodexo Nederland","Sodexo"
"Sony DADC Europe","Sony DADC"
"Sony Europe","Sony"
"Sony Interactive Entertainment America","Sony Interactive Entertainment"
"Sony Interactive Entertainment Europe","Sony Interactive Entertainment"
"Sony Korea","Sony"
"Sony Network Taiwan","Sony Network"
"Sony Taiwan","Sony"
"Sopra Steria Belgium","Sopra Steria"
"Sopra Steria Nederland","Sopra Steria"
"Speedcast Singapore","Speedcast"
"Speednet Communications (Hong Kong)","Speednet Communications"
"Springer Nature America","Springer Nature"
"Sprint Communications South Africa","Sprint Communications"
"Sprint Hawaii","Sprint"
"Squiz Poland","Squiz"
"Squiz UK","Squiz"
"Stantec New Zealand","Stantec"
"Stantec UK","Stantec"
"Starr International USA","Starr International"
"Startek Australia","Startek"
"StarTek USA","StarTek"
"Streamwide Romania","Streamwide"
"Symbio Networks New Zealand","Symbio Networks"
"Synamedia Technologies (India)","Synamedia Technologies"
"Synamedia Technologies Israel","Synamedia Technologies"
"Syntax Systems USA","Syntax Systems"
"T-Mobile Austria","T-Mobile"
"T-Mobile Czech Republic","T-Mobile"
"T-Mobile Polska","T-Mobile"
"T-Mobile USA","T-Mobile"
"T-Systems do Brasil","T-Systems"
"T-Systems North America","T-Systems"
"T-Systems Polska","T-Systems"
"T-Systems Schweiz","T-Systems"
"T-Systems Singapore","T-Systems"
"TaskUs India","TaskUs"
"Tata Communications (CANADA)","Tata Communications"
"Tata Communications (Netherlands)","Tata Communications"
"Tele2 Sverige","Tele2"
"Telecom Italia Sparkle Singapore","Telecom Italia Sparkle"
"Telefonica Data Uruguay","Telefonica Data"
"Telefonica de Argentina","Telefonica"
"Telefonica Germany","Telefonica"
"TELEFONICA GLOBAL SOLUTIONS BRASIL","TELEFONICA GLOBAL SOLUTIONS"
"TELEFONICA GLOBAL SOLUTIONS PERU","TELEFONICA GLOBAL SOLUTIONS"
"Telefonica Global Solutions USA","Telefonica Global Solutions"
"Telefonica Moviles El Salvador","Telefonica Moviles"
"Telefonica UK","Telefonica"
"Telehouse Deutschland","Telehouse"
"Telekom Deutschland","Telekom"
"Telekom Malaysia (Hong Kong)","Telekom Malaysia"
"Telemach Hrvatska","Telemach"
"Telemach Montenegro","Telemach"
"Telemach Slovenija","Telemach"
"Telenor Norge","Telenor"
"Telenor Sverige","Telenor"
"Teleperformance Colombia","Teleperformance"
"Teleperformance Malaysia","Teleperformance"
"Teleperformance Netherlands","Teleperformance"
"Telespazio Argentina","Telespazio"
"Telespazio Brasil","Telespazio"
"Telia Eesti","Telia"
"Telia Finland","Telia"
"Telia Lietuva","Telia"
"Telia Norge","Telia"
"Telmex Colombia","Telmex"
"Telmex do Brasil","Telmex"
"Telmex USA","Telmex"
"TELNYX ASIA PACIFIC","TELNYX"
"Telstra Europe","Telstra"
"Texas Instruments Deutschland","Texas Instruments"
"Thales DIS USA","Thales DIS"
"Thales Nederland","Thales"
"Thales Norway","Thales"
"Thales UK","Thales"
"The Summit Group (Australia)","The Summit Group"
"The Travel Corporation (Canada)","The Travel Corporation"
"The Walt Disney Company (HK)","The Walt Disney Company"
"Theravance Biopharma US","Theravance Biopharma"
"Thomson Reuters (Professional) Australia","Thomson Reuters (Professional)"
"Thomson Reuters (Professional) UK","Thomson Reuters (Professional)"
"TI SPARKLE ARGENTINA","TI SPARKLE"
"TI SPARKLE GREECE","TI SPARKLE"
"TIBCO Software India","TIBCO Software"
"Ticketmaster Australasia","Ticketmaster"
"Ticketmaster Ticketing Information Technology (Shanghai)","Ticketmaster Ticketing Information Technology"
"Ticketmaster UK","Ticketmaster"
"Tietoevry Tech Services Sweden","Tietoevry Tech Services"
"Toluna India","Toluna"
"Toshiba (Australia)","Toshiba"
"Toyota Argentina","Toyota"
"Toyota Bank Polska","Toyota Bank"
"Toyota Boshoku Europe","Toyota Boshoku"
"Toyota Deutschland","Toyota"
"Toyota Material Handling Europe","Toyota Material Handling"
"Toyota Motor Engineering and Manufacturing North America","Toyota Motor Engineering and Manufacturing"
"Toyota Motor Europe","Toyota Motor"
"Toyota Tsusho America","Toyota Tsusho"
"Toyota Tsusho Systems India","Toyota Tsusho Systems"
"Tradeweb Australia","Tradeweb"
"Tradeweb Japan","Tradeweb"
"Transaction Network Services (UK)","Transaction Network Services"
"Transcom Colombia","Transcom"
"Transdev North America","Transdev"
"Transdev Sverige","Transdev"
"Transgourmet Deutschland","Transgourmet"
"Transgourmet Polska","Transgourmet"
"Trustteam Luxembourg","Trustteam"
"Trustteam Nederland","Trustteam"
"Ubisoft Shanghai","Ubisoft"
"Ufinet Argentina","Ufinet"
"UFINET BRASIL","UFINET"
"UFINET COLOMBIA","UFINET"
"Ufinet Costa Rica","Ufinet"
"UFINET Guatemala","UFINET"
"Ufinet Honduras","Ufinet"
"UFINET MEXICO","UFINET"
"Ufinet Nicaragua","Ufinet"
"UFINET PANAMA","UFINET"
"UFINET PARAGUAY","UFINET"
"Unisys Brasil","Unisys"
"Unisys New Zealand","Unisys"
"UpCloud USA","UpCloud"
"Verizon Australia","Verizon"
"Verizon Communications India","Verizon Communications"
"Verizon Data Services India","Verizon Data Services"
"Verizon Denmark","Verizon"
"Verizon Deutschland","Verizon"
"Verizon Hong Kong","Verizon"
"Verizon Ireland","Verizon"
"Verizon Italia","Verizon"
"Verizon Japan","Verizon"
"Verizon Nederland","Verizon"
"Verizon New Zealand","Verizon"
"Verizon Sweden","Verizon"
"Verizon Switzerland","Verizon"
"Verizon UK","Verizon"
"VIETTEL (CAMBODIA)","VIETTEL"
"VIETTEL BURUNDI","VIETTEL"
"VIETTEL PERÚ","VIETTEL"
"Viettel Tanzania","Viettel"
"Viettel Timor Leste","Viettel"
"Virgin Media Ireland","Virgin Media"
"Virtual Internet (UK)","Virtual Internet"
"Visa Information Technology (Beijing)","Visa Information Technology"
"VNG Singapore","VNG"
"Vodacom Business (Ghana)","Vodacom Business"
"Vodacom Congo","Vodacom"
"Vodacom Lesotho","Vodacom"
"Vodacom Mocambique","Vodacom"
"Vodacom Tanzania","Vodacom"
"Vodafone Albania","Vodafone"
"Vodafone Australia","Vodafone"
"Vodafone Czech Republic","Vodafone"
"Vodafone Deutschland","Vodafone"
"Vodafone Fiji","Vodafone"
"Vodafone Ireland","Vodafone"
"Vodafone Italia","Vodafone"
"Vodafone Qatar","Vodafone"
"Vodafone Romania","Vodafone"
"Vodafone Samoa","Vodafone"
"Volkswagen Financial Services Australia","Volkswagen Financial Services"
"Volkswagen Group of America","Volkswagen Group"
"Volkswagen Group Polska","Volkswagen Group"
"World Vision Australia","World Vision"
"World Vision Kenya","World Vision"
"Worldline ePayments India","Worldline ePayments"
"Worldline Financial Services (Europe)","Worldline Financial Services"
"Worldline Services Australia","Worldline Services"
"Worldline Sweden","Worldline"
"WPP Group USA","WPP Group"
"WPP Hong Kong","WPP"
"Xtime Asia Pacific","Xtime"
"xTom Hong Kong","xTom"
"xTom Japan","xTom"
"Yahoo Japan","Yahoo"
"YKK KOREA","YKK"
"YKK USA","YKK"
"Zain South Sudan","Zain"
"Zain Zambia","Zain"
"Zayo Infrastructure France","Zayo Infrastructure"
"zColo France","zColo"
"ZeniMax Germany","ZeniMax"
"Zenith Bank Ghana","Zenith Bank"
"Zenlayer (Singapore)","Zenlayer"
"Zoho Canada","Zoho"
"Zoho Japan","Zoho"
"ZOLL Medical Deutschland","ZOLL Medical"
