4684888	Dallas	Dallas	DFW,Dalas,Dalasa,Dalasas,Dalaso,Dallas,Dallas shaary,Dallasium,Ntalas,da la si,daelleoseu,dailasa,dalas,dalasa,dalasi,dallas,dallasa,dallaseu,darasu,delasa,talas,Ντάλας,Далас,Даллас,Даллас шаары,Դալաս,דאלאס,دالاس,داللاس,داڵاس,ڈیلاس,डॅलस,डैलस,ডালাস,ਡਾਲਸ,ડલ્લાસ,டாலஸ்,డల్లాస్,ഡാളസ്,แดลลัส,ဒါးလတ်စ်မြို့,დალასი,ዳላስ,ダラス,達拉斯,달라스,댈러스	32.78306	-96.80667	P	PPLA2	US		TX	113			1300092	128	139	America/Chicago	2021-07-25
3435910	Buenos Aires	Buenos Aires	BUE,Baires,Bonaero,Bonaeropolis,Bonaëropolis,Bos Aires,Bouenos Aires,Bouonezar,Bouonézâr,Buehnas-Ajrehs,Buehnos Ajres,Buehnos-Ajres,Buehnos-Ajres osh,Buenos Aires,Buenos Airės,Buenos Ajres,Buenos Ares,Buenos Ayres,Buenos-Aires,Buenos-Ajres,Buenos-Ayres,Buenos-Aýres,Buenosairesa,Buénos Ayrés,Bwenoze,Bwènozè,Búenos Aíres,Ciudad Autonoma de Buenos Aires,Ciudad Autónoma de Buenos Aires,Ciudad de La Santisima Trinidad y Puerto de Santa Maria del Buen Ayre,Ciudad de La Santísima Trinidad y Puerto de Santa María del Buen Ayre,Lungsod ng Buenos Aires,Santa Maria del Buen Ayre,Santa María del Buen Ayre,bawnosxires,bu yi nuo si ai li si,bu'enosa a'iresa,buenos-airesi,buenosaires,buenoseuaileseu,buenosuairesu,buraenosa a'iresa,buyenosa a'iresa,bwyns ayrs,bwynws ayrs,bwynws ayrys,byu'enosa erisa,byunas airis,byunas ayels,bywns ayrs,puvenas airis,Μπουένος ΄Aιρες,Μπουένος Άιρες,Буенос Аирес,Буенос Айрес,Буенос Аірес,Буенос Ајрес,Буенос-Аирес,Буенос-Айрес,Буэнас-Айрэс,Буэнос Айрес,Буэнос-Айрес,Буэнос-Айрес ош,Բուենոս Այրես,בואנוס איירס,בוענאס איירעס,بوئنوس آیرس,بوينس آيرس,بوينوس ايريس,بۆینس ئایرس,بیونس آئرس,बुएनोस आइरेस,ब्युएनॉस एरीस,বুয়েনোস আইরেস,বুৱেনোস আইরেস,புவெனஸ் ஐரிஸ்,ಬ್ಯೂನಸ್ ಐರಿಸ್,ബ്യൂണസ് അയേഴ്സ്,บัวโนสไอเรส,པུ་ཨེ་ནོ་སི་ཨས་རི་སི།,ဗျူနိုအေးရိစ်မြို့,ბუენოს-აირესი,ብዌኖስ አይሬስ,ブエノスアイレス,布宜諾斯艾利斯,布宜诺斯艾利斯,부에노스아이레스	-34.61315	-58.37723	P	PPLC	AR		07				2891082		31	America/Argentina/Buenos_Aires	2022-12-14
5128581	New York City	New York City	Aebura,Bandar Raya New York,Big Apple,Cathair Nua-Eabhrac,City of New York,Eabhraig Nuadh,Efrog Newydd,Evrek Nowydh,Ga-no-no,Kanon:no,Kanono,Kanón:no,Kota New York,Lungsod ng New York,N'ju-Jork,NY,NYC,Nea Yorke,Nei Yarrick Schtadt,Neu Amsterdam,Neu Jorck,New Amsterdam,New Orange,New Yorc,New York,New York City,New York Stad,New York borg,New York kenti,New York-borg,New Yorke,New Yorku,Niujorkas,Nju Jork,Njujork,Nouvelle Yorck,Nouvieau York,Nov-Jorko,Nova Amsterda,Nova Iorque,Nova York,Nova-York,Novjorko,Novum Eboracum,Nowy Jork,Nua-Eabhrac,Nueva York,Nujorka,Nyja Jorvik,Nyu York Shehiri,Nòva York,Nýja Jórvík,Thanh pho New York,The Big Apple,Thành phố New York,York Berri,manhattan,n'yuyorka,ni'u iyarka siti,niu yue,niu yue shi,niyuyark nakaram,nkhr niwyxrk,nyuyog,nyuyog si,nyuyoku,nyw ywrq,nywywrk,Ņujorka,Νέα Υόρκη,Њу Јорк,Њујорк,Нью-Ёрк,Нью-Йорк,Ню Йорк,ניו יארק,ניו יורק,ניו־יאָרק,نيويورك,نیویارک شہر,نیویورک,न्यूयॉर्क,নিউ ইয়র্ক সিটি,நியூயார்க் நகரம்,นครนิวยอร์ก,ნიუ-იორკი,ニューヨーク,マンハッタン,紐約,紐約市,뉴욕,뉴욕 시	40.71427	-74.00597	P	PPL	US		NY				8804190	10	57	America/New_York	2022-03-09
1609350	Bangkok	Bangkok	Amphoe Phra Nakhon,BKK,Ban'nkok,Bancac,Bancocum,Bancoque,Bancác,Banghok,Bangkok,Bangkok Metropolis,Bangkoka,Bangkòk,Banguecoque,Bankok,Bankokas,Bankoko,Banqkok,Changwat Phra Nakhon,Krung Thep,Krung Thep Maha Nakhon,Krung Thep Maha Nakhon Amon Rattanakosin Mahintarayutthaya Maha Dilok Phop Noppharat Ratchathani Buri Rom Udom Ratchaniwet Maha Sathan Amon Phiman Awatan Sathit Sakka Thattiya Witsanukam Prasit,Krungdeb,Man-kuk,Màn-kuk,Phra Nakhon,Siayuthia,The City of Angels,bainkaka,bainkoka,bamkoka,bangkog,bangkwk,bankeakk,bankoku,bankwk,bngqwq,bnkak,byankak,byankaka,camraata byankaka,krungtheph,krungthephmhankhr,krungtheph‡,man gu,penkak,Μπανγκόκ,Бангкок,Банкок,Баҥкок,Բանգկոկ,באנגקאק,בנגקוק,بانكوك,بانکوک,بانکۆک,بانګکوک,بانگكوك,بنکاک,बँकॉक,बैंकक,बैंकॉक,চাংৱাত ব্যাংকক,ব্যাংকক,ਬੈਂਕਾਕ,பேங்காக்,ಬ್ಯಾಂಕಾಕ್,ബാങ്കോക്ക്,බැංකොක්,กรุงเทพ,กรุงเทพมหานคร,กรุงเทพมหานคร อมรรัตนโกสินทร์ มหินทรายุธยา มหาดิลกภพ นพรัตนราชธานีบูรีรมย์ อุดมราชนิเวศน์มหาสถาน อมรพิมานอวตารสถิต สักกะทัตติยวิษณุกรรมประสิทธิ์,กรุงเทพฯ,ບາງກອກ,པན་ཀོག,ဘန်ကောက်မြို့,ბანგკოკი,ባንኮክ,バンコク,曼谷,방콕	13.75398	100.50144	P	PPLC	TH		40				5104476		12	Asia/Bangkok	2022-09-20
2964574	Dublin	Dublin	Baile Atha Cliath,Baile Átha Cliath,Ciuda de Dublin,Ciudá de Dublín,DUB,Dablin,Diblin,Difelin,Divlyn,Doublino,Dublin,Dublin city,Dublina,Dublinas,Dublini,Dublino,Dublinu,Dublín,Dublîn,Dueblin,Dulenn,Dulyn,Dyflinn,Düblin,Eblana,dabalina,dablin,dablina,daburin,dbln,dblyn,deobeullin,dou bai lin,dublini,dwblyn,taplin,Δουβλίνο,Даблин,Дублин,Дублін,Дъблин,Դուբլին,דבלין,דובלין,دبلن,دوبلين,دوبلین,دۇبلىن,ڈبلن,ډبلن,ܕܒܠܢ,डब्लिन,दब्लिन,ডাবলিন,ਡਬਲਿਨ,டப்லின்,ಡಬ್ಲಿನ್,ഡബ്ലിൻ,ดับลิน,དུབ་ལིན།,ဒပ်ဗလင်မြို့,დუბლინი,ደብሊን,ダブリン,都柏林,더블린	53.33306	-6.24889	P	PLC	IE		L	33			1024027		17	Europe/Dublin	022-03-09
2800866	Brussels	Brussels	An Bhruiseil,An Bhruiséil,BRU,Brasels,Breissel,Brisel,Brisele,Briuselis,Brjuksel,Brjusel',Brjussel',Brueksel,Bruessel,Bruesszel,Bruiseal,Bruksel,Bruksela,Brukseli,Brukselo,Brusehl',Brusel,Brusela,Bruselas,Bruseles,Bruselj,Bruselo,Brusel·les,Brussel,Brussele,Brussels,Brussel·les,Bruxel,Bruxelas,Bruxellae,Bruxelles,Brwsel,Bryssel,Bryusel,Bryxelles,Bréissel,Brüksel,Brüssel,Brüsszel,Citta di Bruxelles,Città di Bruxelles,City of Brussels,Kota Brusel,beulwisel,bi lu xi,braselasa,braselsa,brassels,briuseli,brwksl,brysl,bu lu sai er,buryusseru,Βρυξέλλες,Брисел,Брусэль,Брюксел,Брюсель,Брюссель,Բրյուսել,בריסל,بروكسل,بروکسل,بريۇسسېل,ܒܪܘܟܣܠ,ब्रसेल्स,ব্রাসেলস,บรัสเซลส์,ბრიუსელი,ブリュッセル,布魯塞爾,布鲁塞尔,比律悉,브뤼셀	50.85045	4.34878	P	PPLC	BE		BRU	BRU	21	21004	1019022		28	Europe/Brussels	2022-03-09
5391959	San Francisco	San Francisco	Franciscopolis,Frisco,Kapalakiko,Khiu-kim-san,Khiu-kîm-sân,Lungsod ng San Francisco,New Albion,SF,SFO,San Francisco,San Franciscu,San Francisko,San Fransisco,San Fransiskas,San Fransisko,San Frantzisko,San Phransisko,San-Francisko,San-Francyska,San-Fransisko,Sanfrancisko,Sao Francisco,São Francisco,Yerba Buena,can pirancisko,jiu jin shan,saenpeulan,saenpeulansiseuko,saina pharansisako,saina phransisko,san f ran si s ko,san fan shi,san fransskw,san fransyskw,san fransyskۆ,san phransisko,sana phransisako ka'unti,sana phransisko,sanfuranshisuko,sena phransisko,sn prnsysqw,syana phransisko,Σαν Φρανσίσκο,Сан Франсиско,Сан Франциско,Сан-Франциско,Сан-Францыска,Сан-Франціско,Սան Ֆրանցիսկո,סאן פראנציסקא,סן פרנסיסקו,سان فرانسسکو,سان فرانسيسكو,سان فرانسیسکو,سان فرانسیسکۆ,सॅन फ्रान्सिस्को,सैन फ्रांसिस्को,स्यान फ्रान्सिस्को,সান ফ্রান্সিসকো কাউন্টি,সান ফ্রান্সিস্কো,ਸੈਨ ਫਰਾਂਸਿਸਕੋ,சான் பிரான்சிஸ்கோ,శాన్ ఫ్రాన్సిస్కో,സാൻ ഫ്രാൻസിസ്കോ,සැන් ෆ්‍රැන්සිස්කෝ,ซานฟรานซิสโก,སན་ཧྥུ་རན་སིས་ཁོ,ဆန်ဖရန်စစ္စကိုမြို့,სან-ფრანცისკო,サンフランシスコ,三藩市,旧金山,舊金山,샌프란,샌프란시스코	37.77493	-122.41942	P	PPLA2	US		CA	075			864816	16	28	America/Los_Angeles	2022-03-09
3094802	Kraków	Krakow	Carcovia,Cracau,Cracaû,Cracovia,Cracovie,Cracow,Cracòvia,Cracóvia,KRK,Kraka,Krakau,Krakiv,Krakko,Krakkó,Krakobia,Krakov,Krakova,Krakovi,Krakovia,Krakovija,Krakovja,Krakovo,Krakow,Krakowo,Krakuw,Kraká,Krakòwò,Krakóvia,Kraków,Krakůw,Krakоv,Krokuva,ke la ke fu,keulakupeu,kraku f,krakupha,krakwf,kurakufu,qrqwb,Κρακοβία,Кракаў,Краков,Краковия,Краків,Կրակով,קראקע,קרקוב,كراكوف,کراکوف,क्राकूफ,กรากุฟ,ကရားကော့မြို့,კრაკოვი,クラクフ,克拉科夫,크라쿠프	50.06143	19.93658	P	PPLA	PL		77	1261	126101		755050		219	Europe/Warsaw	2020-09-18
2988507	Paris	Paris	Baariis,Bahliz,Baris,Ile-de-France,Lungsod ng Paris,Lutece,Lutetia,Lutetia Parisorum,Lutèce,PAR,Pa-ri,Paarys,Palika,Paname,Pantruche,Paraeis,Paras,Pari,Paries,Parigge,Pariggi,Parighji,Parigi,Pariis,Pariisi,Pariizu,Pariižu,Parij,Parijs,Paris,Parisi,Parixe,Pariz,Parize,Parizh,Parizh osh,Parizh',Parizo,Parizs,Pariž,Parys,Paryz,Paryzh,Paryzius,Paryż,Paryžius,Paräis,París,Paríž,Parîs,Parĩ,Parī,Parīze,Paříž,Páras,Párizs,Ville-Lumiere,Ville-Lumière,ba li,barys,pairisa,pali,pari,paris,parys,paryzh,perisa,pryz,pyaris,pyarisa,pyrs,Île-de-France,Παρίσι,Париж,Париж ош,Парижь,Париз,Парис,Парыж,Паріж,Փարիզ,פאריז,פריז,باريس,پارىژ,پاريس,پاریس,پیرس,ܦܐܪܝܣ,पॅरिस,पेरिस,पैरिस,প্যারিস,ਪੈਰਿਸ,પૅરિસ,பாரிஸ்,పారిస్,ಪ್ಯಾರಿಸ್,പാരിസ്,ปารีส,ཕ་རི།,ပါရီမြို့,პარიზი,ፓሪስ,ប៉ារីស,パリ,巴黎,파리	48.85341	2.3488	P	PPLC	FR		11	75	751	75056	2138551		42	Europe/Paris	2023-02-09
293397	Tel Aviv	Tel Aviv	Lungsod ng Tel Aviv-Yafo,TLV,Tehl'-Aviu,Tel Avevs,Tel Aviv,Tel Aviv Yaffo,Tel Aviv Yafo,Tel Aviv-Jaffa,Tel Aviv-Jafo,Tel Aviv-Yafo,Tel Avivas,Tel Avív,Tel Avėvs,Tel Awiw,Tel Eviv,Tel'-Aviv,Tel-Aviv,Tel-Avivo,Tel-aviv,Tel-Əviv,Telaviva,Telavivum,Tell Abib,Tell Abīb,Tell Afif,te la wei fu,tel aviv,tel-abibeu,tel-avivi,tela abhibha,tela abhiva,tela aviva,tela'abiba,tel־ʼabiyb-yapwo,teruabibu,thel xa wif,tl abyb,tl abyb yafa,tl alrbyʿ,tl avyv,tl awyw,tl awyw yafw,tl ʼbyb,tl ʼbyb-ypw,tlawyw,tl‌awyw,tl‌awyw yafw,tێl yەvyv,Τελ Αβίβ,Тел Авив,Тел-Авив,Тель-Авив,Тель-Авів,Тэль-Авіў,Թել Ավիվ,תֵּל־אָבִיב–יָפוֹ,תל אביב,תל אביב-יפו,تل آویو,تل آویو یافو,تل آڤیڤ,تل أبيب,تل أبيب يافا,تل ابيب,تل ابیب,تل الربيع,تل اویو,تل اویو یافو,تلاویو,تل‌آویو,تل‌آویو یافو,تل‌اویو,تل‌اویو یافو,تێل ئەڤیڤ,تېلاۋىف,ܬܠ ܐܒܝܒ,तेल अभिव,तेल अविव,तेल अवीव,তেল আভিভ,তেলআবিব,டெல் அவீவ்,ടെൽ അവീവ്,เทลอาวีฟ,თელ-ავივი,ቴል አቪቭ,テルアビブ,特拉維夫,特拉维夫,텔아비브	32.08088	34.78057	P	PPLA	IL		05				432892		15	Asia/Jerusalem	2023-04-24
5367440	Livermore	Livermore	LVK,Laddville,Livrmor,Livermor,Livermore,Livermore's,Nottingham,li fu mo,libeomo-eo,libharamora,lybrmwr,lyfyrmwry,lywrmwr,lywrmwr  kalyfrnya,ribamoa,Ливермор,Ливърмор,Лівермор,ליברמור,ليفيرموري,لیورمور,لیورمور، کالیفرنیا,लिभरमोर,リバモア,利佛摩,리버모어	37.68187	-121.76801	P	PPL	US		CA	001			88126	150	150	America/Los_Angeles	2017-03-09
3173529	Mestre	Mestre	Mestracum,Mestre,Mestre bei Venedig,mei si te lei,mesutore,mstrh,Местре,מסטרה,メストレ,梅斯特雷	45.49167	12.24538	P	PPL	IT		20	VE	027042		147662	2	5	Europe/Rome	2016-09-29
3021411	Dieppe	Dieppe	D'ep,DPE,Dgieppe,Diep,Dieppe,Dieppi,Dijep,Djep,di ye pu,diepeu,dieppu,dyyb,dyyp,dyyp  snh mrytym,tiyap,Διέππη,Диеп,Дијеп,Дьеп,Дьєп,Дјеп,דייפ,دييب,دیئپ، سنه مریتیم,தியப்,ディエップ,迪耶普,디에프	49.9216	1.07772	P	PPLA3	FR		28	76	761	76217	35707		9	Europe/Paris	2019-04-10
3173435	Milan	Milan	Lungsod ng Milano,MIL,Mailand,Mediolan,Mediolanum,Mila,Milaan,Milan,Milana,Milanas,Milano,Milanu,Milao,Milà,Milán,Miláno,Milánó,Milão,Milāna,Mílanó,Mилан,mi lan,milan,milana,milani,millano,mirano,mylan,mylanw,Милан,Милано,Мілан,מילאנו,مىلان,ميلانو,মিলান,மிலன்,มิลาน,მილანი,ミラノ,米蘭,밀라노	45.46427	9.18951	P	PPLA	IT		09	MI	015146		1371498	122	127	Europe/Rome	2022-08-14
5392171	San Jose	San Jose	Iosephopolis,Pueblo De Alvarado,Pueblo De San Jose De Guadalupe,SJC,San Chose,San Choze,San Chozė,San Jose,San Jose De Alvarado,San Jose De Guadalupe *,San Jose i California,San José,San Khose,San Khoze,San Xose,San Xosé,San-Joseo,San-Khaseh,San-Khose,San-Xose,Sanhose,Sanhosē,can hoce,sa n jwz,saeneojei,saina hoze,san hwzyh,san ose,san'noze,san-khose,sana hose,sana hoze,sanhose,sena hoje,sheng he xi,sn hwzh,sn‌khwzh  kalyfrnya,syana hose,Σαν Χοσέ,Сан Хозе,Сан Хосе,Сан-Хасэ,Сан-Хосе,Սան Խոսե,סן חוזה,سا ن جوز,سان هوزيه,سان ہوزے، کیلیفورنیا,سن‌خوزه، کالیفرنیا,सान होसे,सॅन होजे,सैन होज़े,স্যান হোসে,ਸਾਨ ਹੋਜ਼ੇ,સાન હોસે,சான் ஹொசே,శాన్ ఓసె,ಸ್ಯಾನ್‌ ಜೋಸ್‌‌,แซนโฮเซ,სან-ხოსე,サンノゼ,聖荷西,산호세,새너제이	37.33939	-121.89496	P	PPLA2	US		CA	085			1026908	26	23	America/Los_Angeles	2019-09-05
756135	Warsaw	Warsaw	Barsobia,Varsa,Varsava,Varsavia,Varsavja,Varshava,Varshavae,Varsja,Varsjá,Varso,Varsova,Varsovia,Varsovia - Warszawa,Varsovie,Varsovio,Varssavi,Varsuva,Varsòvia,Varsó,Varsóvia,Varşova,Varšava,Varšuva,Varșovia,Vársá,WAW,Warsaw,Warsawa,Warschau,Warskou,Warszaw,Warszawa,Waršawa,baleusyaba,hua sha,varshava,vorso,warsw,warushawa,wrsh,wrshw,wrsw,wxrsx,Βαρσοβία,Варшавæ,Варшава,Վարշավա,ווארשע,ורשה,װאַרשע,وارسو,ورشو,ۋارشاۋا,ܘܪܣܘ,वॉर्सो,วอร์ซอ,ვარშავა,ዋርሶው,ワルシャワ,华沙,華沙,바르샤바	52.22977	21.01178	P	PPLC	PL		78	1465	146501		1702139		113	Europe/Warsaw	2022-03-09
3169070	Rome	Rome	An Roimh,An Ròimh,An Róimh,Erroma,Hrom,Lungsod ng Roma,Mji wa Roma,ROM,Ramma,Rhufain,Rim,Rim,Roeme,Rom,Roma,Rome,Romma,Romo,Romë,Rooma,Roum,Rym,Rzym,Råmma,Rím,Róm,Róma,Urbs,loma,luo ma,luo ma shi,rm,rom,roma,romi,rwm,rwma,rym,Řím,Ρώμη,Рим,Римъ,Ром,Рым,Հռոմ,רומא,رم,روم,روما,رىم,ܪܘܡܐ,रोम,रोमा,রোম,โรม,რომი,ሮማ,ローマ,罗马市,羅馬,로마	41.89193	12.51133	P	PPLC	IT		07	RM	058091		2318895	20	52	Europe/Rome	2023-04-04
2759794	Amsterdam	Amsterdam	AMS,Aemstelredamme,Aemsterdam,Amestelledamme,Amesterda,Amesterdam,Amesterdao,Amesterdã,Amesterdão,Amistardam,Amseutereudam,Amstadem,Amstardam,Amstardām,Amstedam,Amstehrdam,Amsteladamum,Amstelodamum,Amstelodhamon,Amstelodhámon,Amsterda,Amsterdam,Amsterdama,Amsterdamas,Amsterdame,Amsterdami,Amsterdamo,Amsterdams,Amsterdamu,Amsterdan,Amsterdã,Amsterntam,Amsterodam,Amstyerdam,Amstèdam,Amstèrdame,Amstérdam,Amstɛrɩdam,Amsut'erudam,Amszterdam,Amsŭt'erŭdam,Amusitedan,Amusuterudamu,Damsko,I-Amsterdami,Mokum,Mokum Aleph,a mu si te dan,aimstardaima,amasataradama,amastaradama,amastararyama,amseuteleudam,amstardama,amstartam,amstrdam,amusuterudamu,anstardyam,emstaradyama,xamstexrdam,yەmstەrdam,Àmsterdam,Ámsterdam,Ámsterdan,Âmesterdâm,Āmǔsītèdān,Άμστερνταμ,Амстердам,Амстэрдам,Ամստերդամ,אמסטערדאם,אמסטרדם,آمستردام,أمستردام,ئامستېردام,ئەمستەردام,امستردام,امسټرډام,ایمسٹرڈیم,ܐܡܣܛܪܕܐܡ,अ‍ॅम्स्टरडॅम,आम्स्टर्डम,एम्स्तरद्याम,ऐम्स्टर्डैम,আমস্টারডাম,ਅਮਸਤਰਦਮ,ଆମଷ୍ଟରଡ଼୍ୟାମ,ஆம்ஸ்டர்டம்,ಆಂಸ್ಟರ್ಡ್ಯಾಮ್,ആംസ്റ്റർഡാം,ඈම්ස්ටර්ඩෑම්,อัมสเตอร์ดัม,ཨེམ་སི་ཊར་ཌམ།,အမ်စတာဒမ်မြို့,ამსტერდამი,አምስተርዳም,アムステルダム,阿姆斯特丹,암스테르담	52.37403	4.88969	P	PPLC	NL		07	0363			741636		13	Europe/Amsterdam	2023-03-07
2825297	Stuttgart	Stuttgart	Estugarda,STR,Shhutgart,Shtutgart,Shtutgarti,Shtuttgart,Stocarda,Stoccarda,Stoutnkarde,Stucarda,Stuggart,Stutgardia,Stutgartas,Stutgarte,Stutgarto,Stutqart,Stuttgart,ashtwtgart,ch tuthth kar th,icututkart,shtwtgart,shtwtghart,shutouttogaruto,si tu jia te,stutagarta,stwtgrt,syututeugaleuteu,Ştutqart,Štutgartas,Štutgarte,Στουτγκάρδη,Штутгарт,Штуттгарт,Щутгарт,שטוטגארט,שטוטגרט,اشتوتگارت,سٹٹگارٹ,شتوتغارت,شتوتگارت,شٹوٹگارٹ,श्टुटगार्ट,স্টুটগার্ট,સ્ટુટગાર્ટ,இசுடுட்கார்ட்,സ്റ്റുട്ട്ഗാർട്ട്,ชตุทท์การ์ท,შტუტგარტი,シュトゥットガルト,斯图加特,슈투트가르트	48.78232	9.17702	P	PPLA	DE		01	081	08111	08111000	630305		252	Europe/Berlin	2022-08-14
2747891	Rotterdam	Rotterdam	RTM,Ratehrdam,Roterdam,Roterdama,Roterdamas,Roterdami,Roterdamo,Roterdan,Roterdao,Roterdão,Roterntam,Roterodamum,Rotterdam,Rottérdam,Róterdam,Róterdan,loteleudam,lu te dan,rattartem,rotaradema,rotterudamu,rtrdam,rwtrdam,rwtrdm,rxt the xr dam,Ρότερνταμ,Ратэрдам,Ротердам,Роттердам,ראטערדאם,רוטרדם,راٹرڈیم,رتردام,روتردام,ܪܘܛܪܕܐܡ,रॉटरडॅम,ராட்டர்டேம்,รอตเทอร์ดาม,ရော်တာဒမ်မြို့,როტერდამი,ロッテルダム,鹿特丹,로테르담	51.9225	4.47917	P	PPL	NL		11	0599			598199		9	Europe/Amsterdam	2019-09-05
3178587	Civitavecchia	Civitavecchia	Chivitavekk'ja,Civitavecchia,chivuitavuekkia,jbt bkt,tshyfytafykya,Чивитавеккья,تشيفيتافيكيا,جبت بكة,جبت بكّة,チヴィタヴェッキア	42.09325	11.79674	P	PPLA3	IT		07	RM	058032		47543	10	22	Europe/Rome	2020-01-16
2820860	Tübingen	Tuebingen	Cjubingen,ITuebingen,ITübingen,Tibingen,Tibingene,Tiubingenas,Tjubingen,Tubinga,Tuebinga,Tuebingen,Tybinga,Tybingen,Tympinken,Tübinga,Tübingen,Tībingene,di bin gen,teyubingen,thu xbing ngein,tu bin gen,twbynghn,twbyngn,twibing-gen,tybyngn,tyubin'gana,Τύμπιγκεν,Тибинген,Тюбинген,Тюбінген,Түбинген,Цюбінген,טובינגן,טיבינגן,توبينغن,توبینگن,ٹوبنگن,ट्युबिन्गन,ทือบิงเงิน,テュービンゲン,图宾根,蒂宾根,튀빙겐	48.52266	9.05222	P	PPLA2	DE		01	084	08416	08416041	83416		333	Europe/Berlin	2019-09-05
2361373	Diapaga	Diapaga	DIP,Diapaga,Диапага	12.07305	1.78838	P	PPLA2	BF		08	42			15515		273	Africa/Ouagadougou	2023-02-24
